mysql> select * FROM AllStarPitchers LIMIT 1;
+-----------+--------+--------+------+-------+------+------+------+------+------+------+------+--------+------+------+------+------+------+-------+------+------+------+------+------+------+------+------+------+------+------+---------+--------+------+-------------+
| playerID  | yearID | teamID | lgID | stint | W    | L    | G    | GS   | CG   | SHO  | SV   | IPouts | H    | ER   | HR   | BB   | SO   | BAOpp | ERA  | IBB  | WP   | HBP  | BK   | BFP  | GF   | R    | SH   | SF   | GIDP | gameNum | gameID | GP   | startingPos |
+-----------+--------+--------+------+-------+------+------+------+------+------+------+------+--------+------+------+------+------+------+-------+------+------+------+------+------+------+------+------+------+------+------+---------+--------+------+-------------+
| aardsda01 |   2004 | SFN    | NL   |     1 |    1 |    0 |   11 |    0 |    0 |    0 |    0 |     32 |   20 |    8 |    1 |   10 |    5 | 0.417 | 6.75 |    0 |    0 |    2 |    0 |   61 |    5 |    8 |    0 |    1 | NULL |    NULL | NULL   | NULL |        NULL |
+-----------+--------+--------+------+-------+------+------+------+------+------+------+------+--------+------+------+------+------+------+-------+------+------+------+------+------+------+------+------+------+------+------+---------+--------+------+-------------+
1 row in set (0.00 sec)

mysql> select * FROM AllStarBatters LIMIT 1;
+-----------+--------+--------+------+-------+------+-----------+------+------+------+------+------+------+------+------+------+------+------+------+------+------+------+------+-------+---------+--------+------+-------------+
| playerID  | yearID | teamID | lgID | stint | G    | G_batting | AB   | R    | H    | 2B   | 3B   | HR   | RBI  | SB   | CS   | BB   | SO   | IBB  | HBP  | SH   | SF   | GIDP | G_old | gameNum | gameID | GP   | startingPos |
+-----------+--------+--------+------+-------+------+-----------+------+------+------+------+------+------+------+------+------+------+------+------+------+------+------+------+-------+---------+--------+------+-------------+
| aardsda01 |   2004 | SFN    | NL   |     1 |   11 |      NULL |    0 |    0 |    0 |    0 |    0 |    0 |    0 |    0 |    0 |    0 |    0 |    0 |    0 |    0 |    0 |    0 |  NULL |    NULL | NULL   | NULL |        NULL |
+-----------+--------+--------+------+-------+------+-----------+------+------+------+------+------+------+------+------+------+------+------+------+------+------+------+------+-------+---------+--------+------+-------------+
1 row in set (0.00 sec)

mysql> ^C
mysql> 